{"cameraMode":{"drawMode":0,"name":"Shaded","section":"Shading Mode"},"sceneLighting":true,"audioPlay":false,"sceneViewState":{"showFog":true,"showMaterialUpdate":false,"showSkybox":true,"showFlares":true,"showImageEffects":true,"showParticleSystems":true},"in2DMode":false,"pivot":{"x":0.22849427163600923,"y":4.905454635620117,"z":-0.31569018959999087},"rotation":{"x":0.08136609196662903,"y":-0.2135804295539856,"z":0.0178531426936388,"w":0.9733723402023315},"size":2.198007106781006,"orthographic":true}